Fund Name,P1,P2,P3,P4,P5,Topsis Score,Rank
M1,0.65,0.42,6.7,37.4,11.29,0.33496972990872464,8
M2,0.7,0.49,5.8,53.2,15.05,0.3953878177713545,6
M3,0.68,0.46,6.6,68.1,18.96,0.40648241027436915,5
M4,0.72,0.52,4.8,30.8,9.21,0.4574171700366309,4
M5,0.84,0.71,4.2,45.9,12.91,0.6240728100171744,1
M6,0.69,0.48,6.8,58.6,16.64,0.37115773501166527,7
M7,0.9,0.81,5.7,62.6,17.5,0.6159544470437371,2
M8,0.82,0.67,6.3,68.9,19.17,0.521739000830791,3
